{
    "batch_size": 8,
    "learning_rate": [
        0.0010000000474974513,
        0.0010000000474974513,
        0.0010000000474974513,
        0.0010000000474974513,
        0.0010000000474974513,
        0.0010000000474974513,
        0.0010000000474974513,
        0.0010000000474974513,
        0.0010000000474974513,
        0.0010000000474974513,
        0.0010000000474974513,
        0.0010000000474974513,
        0.0010000000474974513,
        9.999999747378752e-05,
        9.999999747378752e-05,
        9.999999747378752e-05,
        9.999999747378752e-05,
        9.999999747378752e-05,
        9.999999747378752e-05,
        9.999999747378752e-05,
        9.999999747378752e-05,
        9.999999747378752e-05,
        9.999999747378752e-05,
        9.999999747378752e-05,
        9.999999747378752e-05,
        9.999999747378752e-05,
        1.9999999494757503e-05,
        1.9999999494757503e-05,
        1.9999999494757503e-05,
        1.9999999494757503e-05,
        1.9999999494757503e-05,
        1.9999999494757503e-05,
        1.9999999494757503e-05,
        1.9999999494757503e-05,
        1.9999999494757503e-05,
        1.9999999494757503e-05,
        1.9999999494757503e-05,
        1.9999999494757503e-05,
        1.9999999494757503e-05,
        9.999999747378752e-06,
        9.999999747378752e-06,
        9.999999747378752e-06,
        9.999999747378752e-06,
        9.999999747378752e-06,
        9.999999747378752e-06,
        9.999999747378752e-06,
        9.999999747378752e-06,
        9.999999747378752e-06,
        9.999999747378752e-06,
        9.999999747378752e-06,
        9.999999747378752e-06,
        9.999999747378752e-06
    ],
    "nb_epoch": 52,
    "optimizer": {
        "beta_1": 0.8999999761581421,
        "beta_2": 0.9990000128746033,
        "decay": 0.0,
        "epsilon": 1e-08,
        "lr": 9.999999747378752e-06
    },
    "train_loss": [
        [
            5.148257255554199,
            0.5196540951728821
        ],
        [
            4.0182719230651855,
            0.5959119200706482
        ],
        [
            3.1192433834075928,
            0.5880503058433533
        ],
        [
            2.438753366470337,
            0.6210691928863525
        ],
        [
            1.937649130821228,
            0.6077044010162354
        ],
        [
            1.5740008354187012,
            0.6194968819618225
        ],
        [
            1.3178712129592896,
            0.6289308071136475
        ],
        [
            1.1510337591171265,
            0.6336477994918823
        ],
        [
            1.030501127243042,
            0.6257861852645874
        ],
        [
            0.9630899429321289,
            0.6415094137191772
        ],
        [
            0.9020224809646606,
            0.6477987170219421
        ],
        [
            0.8522645831108093,
            0.6603773832321167
        ],
        [
            0.8299179673194885,
            0.670597493648529
        ],
        [
            0.8047299385070801,
            0.6666666865348816
        ],
        [
            0.7824550867080688,
            0.6957547068595886
        ],
        [
            0.7597901225090027,
            0.7161949872970581
        ],
        [
            0.7507811784744263,
            0.7193396091461182
        ],
        [
            0.742753267288208,
            0.7185534834861755
        ],
        [
            0.752505362033844,
            0.7209119200706482
        ],
        [
            0.743863046169281,
            0.724056601524353
        ],
        [
            0.7422882914543152,
            0.7169811129570007
        ],
        [
            0.7151508927345276,
            0.7358490824699402
        ],
        [
            0.7311975359916687,
            0.731918215751648
        ],
        [
            0.7202058434486389,
            0.7397798895835876
        ],
        [
            0.7172400951385498,
            0.7539308071136475
        ],
        [
            0.7251741290092468,
            0.7303459048271179
        ],
        [
            0.7051732540130615,
            0.7492138147354126
        ],
        [
            0.6901002526283264,
            0.75
        ],
        [
            0.6981258988380432,
            0.7421383857727051
        ],
        [
            0.6861090660095215,
            0.7476415038108826
        ],
        [
            0.6858897805213928,
            0.7586477994918823
        ],
        [
            0.6944441795349121,
            0.74842768907547
        ],
        [
            0.6891607046127319,
            0.7547169923782349
        ],
        [
            0.6855635046958923,
            0.7429245114326477
        ],
        [
            0.6713094711303711,
            0.7610062956809998
        ],
        [
            0.6818572878837585,
            0.7547169923782349
        ],
        [
            0.6762843132019043,
            0.7610062956809998
        ],
        [
            0.6913450956344604,
            0.7429245114326477
        ],
        [
            0.6812776327133179,
            0.7594339847564697
        ],
        [
            0.6669793725013733,
            0.7649371027946472
        ],
        [
            0.6847332715988159,
            0.74842768907547
        ],
        [
            0.6869153380393982,
            0.74842768907547
        ],
        [
            0.685860812664032,
            0.7507861852645874
        ],
        [
            0.6795465350151062,
            0.7555031180381775
        ],
        [
            0.6737898588180542,
            0.7641509175300598
        ],
        [
            0.689056932926178,
            0.75157231092453
        ],
        [
            0.6827698349952698,
            0.7602201104164124
        ],
        [
            0.6935991644859314,
            0.7437106966972351
        ],
        [
            0.6694849133491516,
            0.7578616142272949
        ],
        [
            0.6732892394065857,
            0.7617924809455872
        ],
        [
            0.683814525604248,
            0.7665094137191772
        ],
        [
            0.6703901290893555,
            0.7570754885673523
        ]
    ],